{
    "$schema": "https://schema.management.azure.com/schemas/2015-01-01/deploymentParameters.json#",
    "contentVersion": "1.0.0.0",
    "parameters": {
        "factoryName": {
            "value": "shelltrailDF"
        },
        "AzureFunction1_functionKey": {
            "value": ""
        },
        "AzureBlobStorage1_connectionString": {
            "value": ""
        },
        "AzureBlobStorage2_connectionString": {
            "value": ""
        },
        "AzureBlob1_properties_typeProperties_fileName": {
            "value": ""
        },
        "AzureBlob1_properties_typeProperties_folderPath": {
            "value": "source"
        },
        "AzureBlob2_properties_typeProperties_fileName": {
            "value": ""
        },
        "AzureBlob2_properties_typeProperties_folderPath": {
            "value": "destination"
        }
    }
}